timestamp,potential,solver,seed,tag,run_dir,n_params_total,n_params_quantum,n_params_classical,epochs,lr,N_f,N_b,N_0,dtype,device,arch_repr,q_ansatz,encoding,num_qubits,num_quantum_layers,classic_network,has_exact,l2_rel_psi_T,l2_rel_prob_T,bdry_max_abs_psi_xmin,bdry_max_abs_psi_xmax,metrics_json
2026-03-07T17:57:05,unknown,DV,0,box_DV_bq_circ19_e1500_w300_2q_2l,C:\Users\mateo garcia\Downloads\repo\QPINNs-2026\results\box\DV\20260307-170820_seed0_box_DV_bq_circ19_e1500_w300_2q_2l,652,8,644,1500,0.001,,,,float32,cpu,"DV(q=2, L=2, ansatz=sim_circ_19, enc=angle, classic=[2, 64, 2])",sim_circ_19,angle,2,2,"[2, 64, 2]",True,0.010796180926263332,0.01036183349788189,0.0,0.0,C:\Users\mateo garcia\Downloads\repo\QPINNs-2026\results\box\DV\20260307-170820_seed0_box_DV_bq_circ19_e1500_w300_2q_2l\artifacts\metrics_min.json
2026-03-07T19:48:57,unknown,DV,0,box_DV_bq_circ19_e1500_w300_4q_2l,C:\Users\mateo garcia\Downloads\repo\QPINNs-2026\results\box\DV\20260307-181301_seed0_box_DV_bq_circ19_e1500_w300_4q_2l,918,16,902,1500,0.001,,,,float32,cpu,"DV(q=4, L=2, ansatz=sim_circ_19, enc=angle, classic=[2, 64, 2])",sim_circ_19,angle,4,2,"[2, 64, 2]",True,0.004986398387700319,0.005719724111258984,0.0,0.0,C:\Users\mateo garcia\Downloads\repo\QPINNs-2026\results\box\DV\20260307-181301_seed0_box_DV_bq_circ19_e1500_w300_4q_2l\artifacts\metrics_min.json
2026-03-08T14:25:13,unknown,DV,0,box_DV_bq_circ19_e1500_w300_6q_2l,C:\Users\mateo garcia\Downloads\repo\QPINNs-2026\results\box\DV\20260308-105821_seed0_box_DV_bq_circ19_e1500_w300_6q_2l,1184,24,1160,1500,0.001,,,,float32,cpu,"DV(q=6, L=2, ansatz=sim_circ_19, enc=angle, classic=[2, 64, 2])",sim_circ_19,angle,6,2,"[2, 64, 2]",True,0.003131850855425,0.0018259788630530238,0.0,0.0,C:\Users\mateo garcia\Downloads\repo\QPINNs-2026\results\box\DV\20260308-105821_seed0_box_DV_bq_circ19_e1500_w300_6q_2l\artifacts\metrics_min.json
2026-03-09T12:16:54,unknown,DV,0,box_DV_bq_circ19_e1500_w300_8q_2l,C:\Users\mateo garcia\Downloads\repo\QPINNs-2026\results\box\DV\20260309-054344_seed0_box_DV_bq_circ19_e1500_w300_8q_2l,1450,32,1418,1500,0.001,,,,float32,cpu,"DV(q=8, L=2, ansatz=sim_circ_19, enc=angle, classic=[2, 64, 2])",sim_circ_19,angle,8,2,"[2, 64, 2]",True,0.0023411372676491737,0.002669738605618477,0.0,0.0,C:\Users\mateo garcia\Downloads\repo\QPINNs-2026\results\box\DV\20260309-054344_seed0_box_DV_bq_circ19_e1500_w300_8q_2l\artifacts\metrics_min.json
2026-03-09T21:10:13,unknown,DV,0,pl_box_DV_bq_circ19_e10_w2_2q_2l,C:\Users\mateo garcia\Downloads\repo\QPINNs-2026\results\box\DV\20260309-210937_seed0_pl_box_DV_bq_circ19_e10_w2_2q_2l,652,8,644,10,0.001,,,,float32,cpu,"DV(q=2, L=2, ansatz=sim_circ_19, enc=angle, classic=[2, 64, 2])",sim_circ_19,angle,2,2,"[2, 64, 2]",True,0.9454045295715332,0.9905499815940857,0.0,0.0,C:\Users\mateo garcia\Downloads\repo\QPINNs-2026\results\box\DV\20260309-210937_seed0_pl_box_DV_bq_circ19_e10_w2_2q_2l\artifacts\metrics_min.json
2026-03-15T08:49:46,unknown,Classical,0,pinn_supermini,C:\Users\mateo garcia\Downloads\repo\QPINNs-2026\results\ho\Classical\20260315-084830_seed0_pinn_supermini,1218,,,1500,0.001,,,,float64,cpu,"PINN(classic=[2, 32, 32, 2])",,,,,"[2, 32, 32, 2]",True,0.02971418880398041,0.031008453542897777,0.02077641175108539,0.01420510294860631,C:\Users\mateo garcia\Downloads\repo\QPINNs-2026\results\ho\Classical\20260315-084830_seed0_pinn_supermini\artifacts\metrics_min.json
2026-03-15T08:59:46,unknown,Classical,0,pinn_2-64-64-2,C:\Users\mateo garcia\Downloads\repo\QPINNs-2026\results\ho\Classical\20260315-085836_seed0_pinn_2-64-64-2,4482,,,1500,0.001,,,,float64,cpu,"PINN(classic=[2, 64, 64, 2])",,,,,"[2, 64, 64, 2]",True,0.023232149494466954,0.016166680378039328,0.014408151681460325,0.01152047770565816,C:\Users\mateo garcia\Downloads\repo\QPINNs-2026\results\ho\Classical\20260315-085836_seed0_pinn_2-64-64-2\artifacts\metrics_min.json
2026-03-15T09:03:03,unknown,Classical,0,pinn_2-64-64-64-2,C:\Users\mateo garcia\Downloads\repo\QPINNs-2026\results\ho\Classical\20260315-090142_seed0_pinn_2-64-64-64-2,8642,,,1500,0.001,,,,float64,cpu,"PINN(classic=[2, 64, 64, 64, 2])",,,,,"[2, 64, 64, 64, 2]",True,0.014834086039601738,0.012460024756059208,0.00820616326516741,0.005093982267346413,C:\Users\mateo garcia\Downloads\repo\QPINNs-2026\results\ho\Classical\20260315-090142_seed0_pinn_2-64-64-64-2\artifacts\metrics_min.json
2026-03-15T09:06:44,unknown,Classical,0,pinn_2-64-64-64-64-2,C:\Users\mateo garcia\Downloads\repo\QPINNs-2026\results\ho\Classical\20260315-090506_seed0_pinn_2-64-64-64-64-2,12802,,,1500,0.001,,,,float64,cpu,"PINN(classic=[2, 64, 64, 64, 64, 2])",,,,,"[2, 64, 64, 64, 64, 2]",True,0.01502409426979058,0.010515259856765598,0.007262491666741408,0.005058867791479181,C:\Users\mateo garcia\Downloads\repo\QPINNs-2026\results\ho\Classical\20260315-090506_seed0_pinn_2-64-64-64-64-2\artifacts\metrics_min.json
2026-03-15T09:17:19,unknown,Classical,0,newpinn_2-32-32-2,C:\Users\mateo garcia\Downloads\repo\QPINNs-2026\results\box\Classical\20260315-091621_seed0_newpinn_2-32-32-2,903,,,1500,0.001,,,,float64,cpu,"PINN(classic=[2, 23, 32, 2])",,,,,"[2, 23, 32, 2]",True,0.0654764069553877,0.09988770038936542,0.0,0.0,C:\Users\mateo garcia\Downloads\repo\QPINNs-2026\results\box\Classical\20260315-091621_seed0_newpinn_2-32-32-2\artifacts\metrics_min.json
2026-03-15T09:20:21,unknown,Classical,0,newpinn_2-64-64-2,C:\Users\mateo garcia\Downloads\repo\QPINNs-2026\results\box\Classical\20260315-091914_seed0_newpinn_2-64-64-2,4482,,,1500,0.001,,,,float64,cpu,"PINN(classic=[2, 64, 64, 2])",,,,,"[2, 64, 64, 2]",True,0.024312553680760313,0.027078705783493265,0.0,0.0,C:\Users\mateo garcia\Downloads\repo\QPINNs-2026\results\box\Classical\20260315-091914_seed0_newpinn_2-64-64-2\artifacts\metrics_min.json
2026-03-15T09:23:11,unknown,Classical,0,newpinn_2-64-64-64-2,C:\Users\mateo garcia\Downloads\repo\QPINNs-2026\results\box\Classical\20260315-092131_seed0_newpinn_2-64-64-64-2,8642,,,1500,0.001,,,,float64,cpu,"PINN(classic=[2, 64, 64, 64, 2])",,,,,"[2, 64, 64, 64, 2]",True,0.005859195435428687,0.0046820198277687285,0.0,0.0,C:\Users\mateo garcia\Downloads\repo\QPINNs-2026\results\box\Classical\20260315-092131_seed0_newpinn_2-64-64-64-2\artifacts\metrics_min.json
2026-03-15T09:29:01,unknown,Classical,0,newpinn_2-64-64-64-64-2,C:\Users\mateo garcia\Downloads\repo\QPINNs-2026\results\box\Classical\20260315-092707_seed0_newpinn_2-64-64-64-64-2,12802,,,1500,0.001,,,,float64,cpu,"PINN(classic=[2, 64, 64, 64, 64, 2])",,,,,"[2, 64, 64, 64, 64, 2]",True,0.004155846088441937,0.005444507373113754,0.0,0.0,C:\Users\mateo garcia\Downloads\repo\QPINNs-2026\results\box\Classical\20260315-092707_seed0_newpinn_2-64-64-64-64-2\artifacts\metrics_min.json
2026-03-15T10:27:21,unknown,Classical,0,prueba newpinn_2-32-32-2,C:\Users\mateo garcia\Downloads\repo\QPINNs-2026\results\box\Classical\20260315-102655_seed0_prueba newpinn_2-32-32-2,1218,,,150,0.001,,,,float64,cpu,"PINN(classic=[2, 32, 32, 2])",,,,,"[2, 32, 32, 2]",True,0.648954817153832,0.5334953452453689,0.0,0.0,C:\Users\mateo garcia\Downloads\repo\QPINNs-2026\results\box\Classical\20260315-102655_seed0_prueba newpinn_2-32-32-2\artifacts\metrics_min.json
2026-03-15T10:32:31,unknown,Classical,0,newpinn_2-32-32-2,C:\Users\mateo garcia\Downloads\repo\QPINNs-2026\results\box\Classical\20260315-103133_seed0_newpinn_2-32-32-2,1218,,,1500,0.001,,,,float64,cpu,"PINN(classic=[2, 32, 32, 2])",,,,,"[2, 32, 32, 2]",True,0.013901291115735254,0.01692305746173882,0.0,0.0,C:\Users\mateo garcia\Downloads\repo\QPINNs-2026\results\box\Classical\20260315-103133_seed0_newpinn_2-32-32-2\artifacts\metrics_min.json
2026-04-04T18:14:41,unknown,Classical,0,box_pesosvf__2-64-64-64-2,C:\Users\mateo garcia\Downloads\repo\QPINNs-2026\results\box\Classical\20260404-181241_seed0_box_pesosvf__2-64-64-64-2,8642,,,1500,0.001,,,,float64,cpu,"PINN(classic=[2, 64, 64, 64, 2])",,,,,"[2, 64, 64, 64, 2]",True,0.005406549908505577,0.00372126562069146,0.0,0.0,C:\Users\mateo garcia\Downloads\repo\QPINNs-2026\results\box\Classical\20260404-181241_seed0_box_pesosvf__2-64-64-64-2\artifacts\metrics_min.json
2026-04-04T18:20:28,unknown,Classical,0,box_pesosvf__2-64-64-64-64-2,C:\Users\mateo garcia\Downloads\repo\QPINNs-2026\results\box\Classical\20260404-181817_seed0_box_pesosvf__2-64-64-64-64-2,12802,,,1500,0.001,,,,float64,cpu,"PINN(classic=[2, 64, 64, 64, 64, 2])",,,,,"[2, 64, 64, 64, 64, 2]",True,0.004251235406382096,0.0048056641951778785,0.0,0.0,C:\Users\mateo garcia\Downloads\repo\QPINNs-2026\results\box\Classical\20260404-181817_seed0_box_pesosvf__2-64-64-64-64-2\artifacts\metrics_min.json
2026-04-04T18:30:00,unknown,Classical,0,pinn_pesosvf_2-64-64-64-2,C:\Users\mateo garcia\Downloads\repo\QPINNs-2026\results\ho\Classical\20260404-182822_seed0_pinn_pesosvf_2-64-64-64-2,8642,,,1500,0.001,,,,float64,cpu,"PINN(classic=[2, 64, 64, 64, 2])",,,,,"[2, 64, 64, 64, 2]",True,0.023054437765610124,0.01724659252625672,0.013801768595224216,0.006201608920061461,C:\Users\mateo garcia\Downloads\repo\QPINNs-2026\results\ho\Classical\20260404-182822_seed0_pinn_pesosvf_2-64-64-64-2\artifacts\metrics_min.json
2026-04-04T18:38:17,unknown,Classical,0,pinn_pesosvf_2-64-64-64-64-2,C:\Users\mateo garcia\Downloads\repo\QPINNs-2026\results\ho\Classical\20260404-183638_seed0_pinn_pesosvf_2-64-64-64-64-2,12802,,,1500,0.001,,,,float64,cpu,"PINN(classic=[2, 64, 64, 64, 64, 2])",,,,,"[2, 64, 64, 64, 64, 2]",True,0.021636169962610332,0.010920344175169074,0.014517522989709087,0.012020594104911447,C:\Users\mateo garcia\Downloads\repo\QPINNs-2026\results\ho\Classical\20260404-183638_seed0_pinn_pesosvf_2-64-64-64-64-2\artifacts\metrics_min.json
2026-05-01T13:43:21,unknown,Classical,0,bf_box__2-64-64-64-64-2_seed2026,C:\Users\mateo garcia\Downloads\repo\QPINNs-2026\results\box\Classical\20260501-134111_seed0_bf_box__2-64-64-64-64-2_seed2026,12802,,,1500,0.001,,,,float64,cpu,"PINN(classic=[2, 64, 64, 64, 64, 2])",,,,,"[2, 64, 64, 64, 64, 2]",True,0.0031975016242896106,0.0027734966527383923,0.0,0.0,C:\Users\mateo garcia\Downloads\repo\QPINNs-2026\results\box\Classical\20260501-134111_seed0_bf_box__2-64-64-64-64-2_seed2026\artifacts\metrics_min.json
2026-05-01T13:52:55,unknown,Classical,0,bf_box__2-64-64-64-64-2_seed123,C:\Users\mateo garcia\Downloads\repo\QPINNs-2026\results\box\Classical\20260501-135107_seed0_bf_box__2-64-64-64-64-2_seed123,12802,,,1500,0.001,,,,float64,cpu,"PINN(classic=[2, 64, 64, 64, 64, 2])",,,,,"[2, 64, 64, 64, 64, 2]",True,0.00419005927504518,0.004425989089630601,0.0,0.0,C:\Users\mateo garcia\Downloads\repo\QPINNs-2026\results\box\Classical\20260501-135107_seed0_bf_box__2-64-64-64-64-2_seed123\artifacts\metrics_min.json
2026-05-01T13:57:57,unknown,Classical,0,bf_box__2-64-64-64-64-2_seed42,C:\Users\mateo garcia\Downloads\repo\QPINNs-2026\results\box\Classical\20260501-135613_seed0_bf_box__2-64-64-64-64-2_seed42,12802,,,1500,0.001,,,,float64,cpu,"PINN(classic=[2, 64, 64, 64, 64, 2])",,,,,"[2, 64, 64, 64, 64, 2]",True,0.0024878277061426597,0.0024556424965112883,0.0,0.0,C:\Users\mateo garcia\Downloads\repo\QPINNs-2026\results\box\Classical\20260501-135613_seed0_bf_box__2-64-64-64-64-2_seed42\artifacts\metrics_min.json
2026-05-01T14:05:12,unknown,Classical,0,bf_box__2-64-64-64-64-2_seed13,C:\Users\mateo garcia\Downloads\repo\QPINNs-2026\results\box\Classical\20260501-140326_seed0_bf_box__2-64-64-64-64-2_seed13,12802,,,1500,0.001,,,,float64,cpu,"PINN(classic=[2, 64, 64, 64, 64, 2])",,,,,"[2, 64, 64, 64, 64, 2]",True,0.0027339113605736117,0.003726271074830935,0.0,0.0,C:\Users\mateo garcia\Downloads\repo\QPINNs-2026\results\box\Classical\20260501-140326_seed0_bf_box__2-64-64-64-64-2_seed13\artifacts\metrics_min.json
2026-05-01T14:13:45,unknown,Classical,0,bf_box__2-64-64-64-64-2_seed0,C:\Users\mateo garcia\Downloads\repo\QPINNs-2026\results\box\Classical\20260501-141201_seed0_bf_box__2-64-64-64-64-2_seed0,12802,,,1500,0.001,,,,float64,cpu,"PINN(classic=[2, 64, 64, 64, 64, 2])",,,,,"[2, 64, 64, 64, 64, 2]",True,0.004251235406382096,0.0048056641951778785,0.0,0.0,C:\Users\mateo garcia\Downloads\repo\QPINNs-2026\results\box\Classical\20260501-141201_seed0_bf_box__2-64-64-64-64-2_seed0\artifacts\metrics_min.json
2026-05-01T15:22:21,unknown,Classical,0,bf_ho_2-64-64-64-2_seed0,C:\Users\mateo garcia\Downloads\repo\QPINNs-2026\results\ho\Classical\20260501-152058_seed0_bf_ho_2-64-64-64-2_seed0,8642,,,1500,0.001,,,,float64,cpu,"PINN(classic=[2, 64, 64, 64, 2])",,,,,"[2, 64, 64, 64, 2]",True,0.017499738547925574,0.012007617164541788,0.011382579215328566,0.009189282579129017,C:\Users\mateo garcia\Downloads\repo\QPINNs-2026\results\ho\Classical\20260501-152058_seed0_bf_ho_2-64-64-64-2_seed0\artifacts\metrics_min.json
2026-05-01T15:27:42,unknown,Classical,0,bf_ho_2-64-64-64-2_seed13,C:\Users\mateo garcia\Downloads\repo\QPINNs-2026\results\ho\Classical\20260501-152626_seed0_bf_ho_2-64-64-64-2_seed13,8642,,,1500,0.001,,,,float64,cpu,"PINN(classic=[2, 64, 64, 64, 2])",,,,,"[2, 64, 64, 64, 2]",True,0.019646134131000994,0.017834657971674515,0.00552097739547815,0.009056857147397807,C:\Users\mateo garcia\Downloads\repo\QPINNs-2026\results\ho\Classical\20260501-152626_seed0_bf_ho_2-64-64-64-2_seed13\artifacts\metrics_min.json
2026-05-01T15:41:54,unknown,Classical,0,bf_ho_2-64-64-64-2_seed42,C:\Users\mateo garcia\Downloads\repo\QPINNs-2026\results\ho\Classical\20260501-153951_seed0_bf_ho_2-64-64-64-2_seed42,8642,,,1500,0.001,,,,float64,cpu,"PINN(classic=[2, 64, 64, 64, 2])",,,,,"[2, 64, 64, 64, 2]",True,0.019604399801894594,0.01865667226880388,0.010994403614685655,0.00871652904963742,C:\Users\mateo garcia\Downloads\repo\QPINNs-2026\results\ho\Classical\20260501-153951_seed0_bf_ho_2-64-64-64-2_seed42\artifacts\metrics_min.json
2026-05-01T15:46:09,unknown,Classical,0,bf_ho_2-64-64-64-2_seed123,C:\Users\mateo garcia\Downloads\repo\QPINNs-2026\results\ho\Classical\20260501-154451_seed0_bf_ho_2-64-64-64-2_seed123,8642,,,1500,0.001,,,,float64,cpu,"PINN(classic=[2, 64, 64, 64, 2])",,,,,"[2, 64, 64, 64, 2]",True,0.01760394712146881,0.013503077223917501,0.007230701193805487,0.010083048406163373,C:\Users\mateo garcia\Downloads\repo\QPINNs-2026\results\ho\Classical\20260501-154451_seed0_bf_ho_2-64-64-64-2_seed123\artifacts\metrics_min.json
2026-05-01T15:51:09,unknown,Classical,0,bf_ho_2-64-64-64-2_seed2026,C:\Users\mateo garcia\Downloads\repo\QPINNs-2026\results\ho\Classical\20260501-154952_seed0_bf_ho_2-64-64-64-2_seed2026,8642,,,1500,0.001,,,,float64,cpu,"PINN(classic=[2, 64, 64, 64, 2])",,,,,"[2, 64, 64, 64, 2]",True,0.025683737128915196,0.020071228750138597,0.016250282538612482,0.010137121965033566,C:\Users\mateo garcia\Downloads\repo\QPINNs-2026\results\ho\Classical\20260501-154952_seed0_bf_ho_2-64-64-64-2_seed2026\artifacts\metrics_min.json
2026-05-03T16:51:03,unknown,DV,0,bf_box_DV_circ19_e1500_8q_2l_seed2026,C:\Users\mateo garcia\Downloads\repo\QPINNs-2026\results\box\DV\20260503-113031_seed0_bf_box_DV_circ19_e1500_8q_2l_seed2026,1450,32,1418,1500,0.001,,,,float32,cpu,"DV(q=8, L=2, ansatz=sim_circ_19, enc=angle, classic=[2, 64, 2])",sim_circ_19,angle,8,2,"[2, 64, 2]",True,0.0016377551946789026,0.0013969367137178779,0.0,0.0,C:\Users\mateo garcia\Downloads\repo\QPINNs-2026\results\box\DV\20260503-113031_seed0_bf_box_DV_circ19_e1500_8q_2l_seed2026\artifacts\metrics_min.json
2026-05-05T16:18:27,unknown,DV,0,bf_box_DV_circ19_e1500_8q_2l_seed123,C:\Users\mateo garcia\Downloads\repo\QPINNs-2026\results\box\DV\20260505-112055_seed0_bf_box_DV_circ19_e1500_8q_2l_seed123,1450,32,1418,1500,0.001,,,,float32,cpu,"DV(q=8, L=2, ansatz=sim_circ_19, enc=angle, classic=[2, 64, 2])",sim_circ_19,angle,8,2,"[2, 64, 2]",True,0.00871126540005207,0.009579760022461414,0.0,0.0,C:\Users\mateo garcia\Downloads\repo\QPINNs-2026\results\box\DV\20260505-112055_seed0_bf_box_DV_circ19_e1500_8q_2l_seed123\artifacts\metrics_min.json
2026-05-07T15:23:41,unknown,DV,0,bf_box_DV_circ19_e1500_8q_2l_seed42,C:\Users\mateo garcia\Downloads\repo\QPINNs-2026\results\box\DV\20260507-101802_seed0_bf_box_DV_circ19_e1500_8q_2l_seed42,1450,32,1418,1500,0.001,,,,float32,cpu,"DV(q=8, L=2, ansatz=sim_circ_19, enc=angle, classic=[2, 64, 2])",sim_circ_19,angle,8,2,"[2, 64, 2]",True,0.00456211855635047,0.00316280173137784,0.0,0.0,C:\Users\mateo garcia\Downloads\repo\QPINNs-2026\results\box\DV\20260507-101802_seed0_bf_box_DV_circ19_e1500_8q_2l_seed42\artifacts\metrics_min.json
2026-05-11T15:32:07,unknown,DV,0,bf_box_DV_circ19_e1500_8q_2l_seed13,C:\Users\mateo garcia\Downloads\repo\QPINNs-2026\results\box\DV\20260511-103334_seed0_bf_box_DV_circ19_e1500_8q_2l_seed13,1450,32,1418,1500,0.001,,,,float32,cpu,"DV(q=8, L=2, ansatz=sim_circ_19, enc=angle, classic=[2, 64, 2])",sim_circ_19,angle,8,2,"[2, 64, 2]",True,0.0037601671647280455,0.001975835533812642,0.0,0.0,C:\Users\mateo garcia\Downloads\repo\QPINNs-2026\results\box\DV\20260511-103334_seed0_bf_box_DV_circ19_e1500_8q_2l_seed13\artifacts\metrics_min.json
2026-05-12T12:23:27,unknown,DV,0,bf_box_DV_circ19_e1500_8q_2l_seed0,C:\Users\mateo garcia\Downloads\repo\QPINNs-2026\results\box\DV\20260512-073032_seed0_bf_box_DV_circ19_e1500_8q_2l_seed0,1450,32,1418,1500,0.001,,,,float32,cpu,"DV(q=8, L=2, ansatz=sim_circ_19, enc=angle, classic=[2, 64, 2])",sim_circ_19,angle,8,2,"[2, 64, 2]",True,0.0023411372676491737,0.002669738605618477,0.0,0.0,C:\Users\mateo garcia\Downloads\repo\QPINNs-2026\results\box\DV\20260512-073032_seed0_bf_box_DV_circ19_e1500_8q_2l_seed0\artifacts\metrics_min.json
2026-05-13T07:23:06,unknown,DV,0,bf_ho_DV__e1500_w300_4q_2l_batch64_seed0,C:\Users\mateo garcia\Downloads\repo\QPINNs-2026\results\ho\DV\20260513-061309_seed0_bf_ho_DV__e1500_w300_4q_2l_batch64_seed0,934,,,1500,0.001,,,,float32,cpu,"DV(q=4, L=2, ansatz=layered_circuit, enc=angle, classic=[2, 64, 2])",layered_circuit,angle,4,2,"[2, 64, 2]",True,0.007035141345113516,0.0016131069278344512,0.012699105776846409,0.011925588361918926,C:\Users\mateo garcia\Downloads\repo\QPINNs-2026\results\ho\DV\20260513-061309_seed0_bf_ho_DV__e1500_w300_4q_2l_batch64_seed0\artifacts\metrics_min.json
2026-05-14T11:02:05,unknown,DV,0,bf_ho_DV__e1500_w300_4q_2l_batch64_seed13,C:\Users\mateo garcia\Downloads\repo\QPINNs-2026\results\ho\DV\20260514-095423_seed0_bf_ho_DV__e1500_w300_4q_2l_batch64_seed13,934,,,1500,0.001,,,,float32,cpu,"DV(q=4, L=2, ansatz=layered_circuit, enc=angle, classic=[2, 64, 2])",layered_circuit,angle,4,2,"[2, 64, 2]",True,0.08593712002038956,0.006781818810850382,0.011027161963284016,0.01602805405855179,C:\Users\mateo garcia\Downloads\repo\QPINNs-2026\results\ho\DV\20260514-095423_seed0_bf_ho_DV__e1500_w300_4q_2l_batch64_seed13\artifacts\metrics_min.json
2026-05-14T14:59:37,unknown,DV,0,bf_ho_DV__e1500_w300_4q_2l_batch64_seed42,C:\Users\mateo garcia\Downloads\repo\QPINNs-2026\results\ho\DV\20260514-135027_seed0_bf_ho_DV__e1500_w300_4q_2l_batch64_seed42,934,,,1500,0.001,,,,float32,cpu,"DV(q=4, L=2, ansatz=layered_circuit, enc=angle, classic=[2, 64, 2])",layered_circuit,angle,4,2,"[2, 64, 2]",True,0.0385085754096508,0.00950535573065281,0.013967261649668217,0.015108674764633179,C:\Users\mateo garcia\Downloads\repo\QPINNs-2026\results\ho\DV\20260514-135027_seed0_bf_ho_DV__e1500_w300_4q_2l_batch64_seed42\artifacts\metrics_min.json
2026-05-14T16:55:30,unknown,DV,0,bf_ho_DV__e1500_w300_4q_2l_batch64_seed123,C:\Users\mateo garcia\Downloads\repo\QPINNs-2026\results\ho\DV\20260514-154907_seed0_bf_ho_DV__e1500_w300_4q_2l_batch64_seed123,934,,,1500,0.001,,,,float32,cpu,"DV(q=4, L=2, ansatz=layered_circuit, enc=angle, classic=[2, 64, 2])",layered_circuit,angle,4,2,"[2, 64, 2]",True,0.03204505145549774,0.00560540147125721,0.023359429091215134,0.014908301644027233,C:\Users\mateo garcia\Downloads\repo\QPINNs-2026\results\ho\DV\20260514-154907_seed0_bf_ho_DV__e1500_w300_4q_2l_batch64_seed123\artifacts\metrics_min.json
