it,loss,loss_res,loss_bcs,loss_ic,loss_norm,l2,lr
1,25.12,0.06435,0.01104,0.1049,0.8248,0.7086,0.001
2,20.61,0.1363,0.02146,0.08581,0.6852,0.6541,0.001
3,17.25,0.2248,0.03628,0.07326,0.5122,0.6206,0.001
4,14.7,0.2989,0.054,0.06471,0.3379,0.6062,0.001
5,13.09,0.3595,0.07213,0.06032,0.1873,0.6072,0.001
6,12.44,0.4566,0.08973,0.05971,0.07759,0.6165,0.001
7,12.47,0.5245,0.105,0.0612,0.0179,0.6262,0.001
8,12.78,0.6552,0.1161,0.0631,0.0003555,0.6313,0.001
9,13.07,0.6718,0.1214,0.06439,0.004486,0.6291,0.001
10,13.08,0.6654,0.1205,0.06425,0.01056,0.6195,0.001
11,12.69,0.6373,0.1141,0.06234,0.009695,0.6039,0.001
12,11.99,0.5985,0.1045,0.05905,0.003973,0.5848,0.001
13,11.18,0.5324,0.09195,0.05516,0.0001865,0.564,0.001
14,10.41,0.5027,0.07918,0.05125,0.004285,0.5434,0.001
15,9.746,0.4491,0.06658,0.04765,0.0188,0.524,0.001
16,9.222,0.3956,0.05553,0.0445,0.04258,0.5066,0.001
17,8.833,0.333,0.04559,0.0419,0.07189,0.4915,0.001
18,8.554,0.3144,0.03739,0.0398,0.102,0.4782,0.001
19,8.316,0.292,0.03042,0.03798,0.1285,0.4658,0.001
20,8.051,0.2417,0.02486,0.03622,0.1483,0.4535,0.001
21,7.735,0.2431,0.02015,0.03436,0.1599,0.4403,0.001
22,7.342,0.2239,0.01703,0.03235,0.1628,0.4259,0.001
23,6.88,0.2138,0.0141,0.03019,0.1575,0.4098,0.001
24,6.355,0.2095,0.01169,0.02787,0.1454,0.3923,0.001
25,5.785,0.2043,0.01002,0.02545,0.1283,0.3736,0.001
26,5.196,0.2064,0.008404,0.02301,0.1081,0.3544,0.001
27,4.615,0.1975,0.007122,0.02065,0.08674,0.3353,0.001
28,4.068,0.1978,0.005985,0.01843,0.06603,0.3169,0.001
29,3.567,0.1949,0.004832,0.01639,0.04744,0.2994,0.001
30,3.121,0.2078,0.003796,0.01453,0.03196,0.2828,0.001
31,2.723,0.2033,0.002905,0.01284,0.02003,0.2671,0.001
32,2.376,0.2017,0.002166,0.01131,0.01155,0.2518,0.001
33,2.078,0.2113,0.001612,0.009941,0.006061,0.2367,0.001
34,1.813,0.2018,0.001419,0.008698,0.002856,0.2218,0.001
35,1.58,0.1988,0.001526,0.00757,0.001206,0.2074,0.001
36,1.377,0.2031,0.001955,0.006561,0.0004861,0.1941,0.001
37,1.204,0.207,0.002712,0.005682,0.0002403,0.1826,0.001
38,1.058,0.1994,0.00397,0.004947,0.0001905,0.1736,0.001
39,0.9428,0.2012,0.005292,0.004355,0.0001965,0.1675,0.001
40,0.8507,0.1904,0.006786,0.003897,0.0002046,0.1641,0.001
41,0.786,0.1935,0.007948,0.003555,0.0002041,0.1625,0.001
42,0.7363,0.187,0.008821,0.003305,0.0001984,0.162,0.001
43,0.6994,0.183,0.009373,0.003117,0.0001925,0.1614,0.001
44,0.6665,0.176,0.009348,0.002958,0.0001897,0.16,0.001
45,0.6303,0.1625,0.009174,0.002796,0.0001928,0.1573,0.001
46,0.5896,0.1532,0.008162,0.002608,0.000206,0.1532,0.001
47,0.5431,0.1472,0.00714,0.002386,0.0002339,0.1479,0.001
48,0.4878,0.136,0.005762,0.002131,0.0002807,0.1416,0.001
49,0.4279,0.1244,0.00439,0.001855,0.0003477,0.1349,0.001
50,0.3674,0.1136,0.003162,0.001573,0.0004315,0.1282,0.001
51,0.3095,0.1031,0.002101,0.001305,0.0005227,0.1219,0.001
52,0.2592,0.09634,0.001324,0.001066,0.0006072,0.116,0.001
53,0.2131,0.08058,0.0007797,0.0008668,0.0006686,0.1109,0.001
54,0.1815,0.07738,0.0005473,0.0007133,0.000693,0.1064,0.001
55,0.1585,0.07347,0.0005346,0.0006045,0.0006729,0.1026,0.001
56,0.1439,0.07064,0.0007342,0.0005355,0.0006096,0.09958,0.001
57,0.1358,0.06772,0.00105,0.0004999,0.0005132,0.09737,0.001
58,0.1335,0.06603,0.001491,0.0004904,0.0004002,0.09598,0.001
59,0.133,0.06043,0.002004,0.0004994,0.0002888,0.09536,0.001
60,0.137,0.05927,0.002416,0.0005197,0.0001954,0.0954,0.001
61,0.1462,0.06606,0.002906,0.0005452,0.0001303,0.09593,0.001
62,0.1495,0.06077,0.003376,0.0005712,9.646e-05,0.09672,0.001
63,0.1531,0.05744,0.003676,0.000594,8.977e-05,0.09753,0.001
64,0.159,0.06056,0.003937,0.0006111,0.0001012,0.09821,0.001
65,0.1605,0.05847,0.004106,0.0006204,0.0001199,0.09867,0.001
66,0.1636,0.06249,0.004303,0.0006211,0.0001356,0.0989,0.001
67,0.1609,0.05942,0.004321,0.0006134,0.000142,0.09895,0.001
68,0.1609,0.06412,0.004216,0.0005981,0.0001371,0.0989,0.001
69,0.152,0.05552,0.00413,0.0005766,0.0001229,0.09881,0.001
70,0.1471,0.05562,0.004009,0.0005505,0.0001051,0.0987,0.001
71,0.141,0.0549,0.003795,0.0005214,9.036e-05,0.09861,0.001
72,0.1353,0.05521,0.003521,0.0004909,8.439e-05,0.09851,0.001
73,0.1279,0.05257,0.003374,0.0004604,9.05e-05,0.09835,0.001
74,0.1243,0.05597,0.003043,0.0004311,0.000109,0.09814,0.001
75,0.1169,0.05224,0.002812,0.0004036,0.0001369,0.09783,0.001
76,0.1108,0.04993,0.00258,0.0003787,0.0001694,0.09747,0.001
77,0.1094,0.05406,0.002336,0.0003566,0.0002007,0.09711,0.001
78,0.1045,0.05193,0.002072,0.0003378,0.0002254,0.09678,0.001
79,0.09937,0.04839,0.001836,0.0003224,0.0002398,0.09655,0.001
80,0.09809,0.04982,0.001608,0.0003103,0.0002429,0.09641,0.001
81,0.09602,0.04916,0.00142,0.0003012,0.0002353,0.09637,0.001
82,0.09712,0.05241,0.001246,0.0002948,0.0002197,0.09643,0.001
83,0.09452,0.04958,0.001116,0.0002906,0.0001993,0.09653,0.001
84,0.09305,0.04801,0.0009848,0.0002879,0.0001774,0.09662,0.001
85,0.09165,0.04628,0.0008994,0.0002859,0.0001567,0.09666,0.001
86,0.09051,0.04486,0.0008272,0.0002842,0.0001389,0.09669,0.001
87,0.08864,0.04254,0.0007541,0.0002821,0.0001248,0.09671,0.001
88,0.09332,0.04931,0.0007124,0.0002794,0.0001143,0.09676,0.001
89,0.08962,0.04483,0.0006867,0.0002758,0.000107,0.09687,0.001
90,0.09253,0.04944,0.00069,0.0002713,0.0001022,0.09702,0.001
91,0.08945,0.04626,0.0006745,0.000266,9.956e-05,0.09722,0.001
92,0.08696,0.04402,0.0006875,0.0002602,9.847e-05,0.09741,0.001
93,0.08856,0.04716,0.0007112,0.000254,9.857e-05,0.09756,0.001
94,0.08565,0.04448,0.0007367,0.0002479,9.92e-05,0.09767,0.001
95,0.08544,0.04522,0.0007683,0.0002419,9.994e-05,0.09772,0.001
96,0.08396,0.04429,0.0008024,0.0002361,0.0001001,0.09773,0.001
97,0.0846,0.04588,0.0008571,0.0002308,9.913e-05,0.0977,0.001
98,0.08361,0.04538,0.0008901,0.0002259,9.651e-05,0.09767,0.001
99,0.0831,0.04535,0.0009435,0.0002214,9.225e-05,0.09766,0.001
100,0.08108,0.04338,0.001006,0.0002174,8.676e-05,0.09767,0.001
101,0.08181,0.04466,0.001041,0.0002139,8.045e-05,0.09769,0.001
102,0.081,0.04399,0.001096,0.0002107,7.411e-05,0.09768,0.001
103,0.07876,0.0416,0.001133,0.0002079,6.836e-05,0.09762,0.001
104,0.0821,0.04563,0.001177,0.0002053,6.361e-05,0.09752,0.001
105,0.07833,0.04141,0.001217,0.0002029,5.995e-05,0.09742,0.001
106,0.0795,0.04282,0.001251,0.0002007,5.738e-05,0.09733,0.001
107,0.07675,0.0398,0.001284,0.0001985,5.565e-05,0.09729,0.001
108,0.08102,0.04463,0.001306,0.0001964,5.447e-05,0.09731,0.001
109,0.08204,0.0458,0.001326,0.0001942,5.351e-05,0.09737,0.001
110,0.08063,0.04431,0.001345,0.000192,5.256e-05,0.09743,0.001
111,0.07777,0.04132,0.001351,0.0001897,5.155e-05,0.09748,0.001
112,0.07962,0.04345,0.001353,0.0001873,5.055e-05,0.0975,0.001
113,0.07789,0.04173,0.001362,0.0001849,4.968e-05,0.09752,0.001
114,0.07708,0.04104,0.001358,0.0001825,4.907e-05,0.09752,0.001
115,0.08063,0.04489,0.001354,0.0001801,4.881e-05,0.09755,0.001
116,0.07715,0.04139,0.001345,0.0001777,4.886e-05,0.09761,0.001
117,0.07743,0.04179,0.00133,0.0001755,4.912e-05,0.09769,0.001
118,0.08053,0.04501,0.001319,0.0001735,4.948e-05,0.0978,0.001
119,0.07853,0.04302,0.001302,0.0001716,4.974e-05,0.09788,0.001
120,0.08009,0.0446,0.001285,0.0001698,4.981e-05,0.09793,0.001
121,0.0773,0.04216,0.001267,0.0001681,4.959e-05,0.09793,0.001
122,0.07566,0.04087,0.001247,0.0001665,4.912e-05,0.09789,0.001
123,0.07664,0.04217,0.00123,0.000165,4.84e-05,0.09784,0.001
124,0.07713,0.04297,0.001213,0.0001635,4.753e-05,0.09781,0.001
125,0.07391,0.04004,0.001199,0.0001622,4.657e-05,0.0978,0.001
126,0.07586,0.04226,0.001187,0.0001609,4.553e-05,0.09782,0.001
127,0.07403,0.04069,0.001174,0.0001597,4.454e-05,0.09786,0.001
128,0.07291,0.03982,0.001168,0.0001586,4.363e-05,0.09788,0.001
129,0.07752,0.04467,0.001161,0.0001574,4.288e-05,0.0979,0.001
130,0.0759,0.04329,0.001159,0.0001562,4.221e-05,0.09791,0.001
131,0.07553,0.04316,0.001158,0.0001551,4.156e-05,0.09796,0.001
132,0.07763,0.04548,0.00116,0.0001539,4.1e-05,0.09801,0.001
133,0.07674,0.04481,0.001161,0.0001528,4.041e-05,0.09803,0.001
134,0.07367,0.04197,0.001169,0.0001517,3.979e-05,0.09804,0.001
135,0.07508,0.04359,0.001175,0.0001506,3.921e-05,0.09805,0.001
136,0.07388,0.0426,0.001182,0.0001495,3.855e-05,0.09809,0.001
137,0.07179,0.0407,0.001191,0.0001485,3.77e-05,0.09813,0.001
138,0.07228,0.04137,0.001203,0.0001476,3.673e-05,0.09817,0.001
139,0.07377,0.04304,0.00121,0.0001467,3.569e-05,0.09821,0.001
140,0.07324,0.04268,0.001214,0.0001458,3.461e-05,0.09821,0.001
141,0.07505,0.04467,0.00122,0.000145,3.348e-05,0.0982,0.001
142,0.07108,0.04085,0.001229,0.0001442,3.228e-05,0.09817,0.001
143,0.07308,0.04303,0.001229,0.0001434,3.116e-05,0.09816,0.001
144,0.07435,0.04445,0.001232,0.0001426,3.017e-05,0.09818,0.001
145,0.07398,0.04423,0.001235,0.0001418,2.922e-05,0.0982,0.001
146,0.06987,0.04026,0.00124,0.0001411,2.838e-05,0.09821,0.001
147,0.07237,0.04291,0.001243,0.0001404,2.766e-05,0.09823,0.001
148,0.07239,0.04308,0.001238,0.0001397,2.7e-05,0.09825,0.001
149,0.07125,0.04208,0.00124,0.000139,2.648e-05,0.09826,0.001
150,0.0722,0.04317,0.001239,0.0001383,2.598e-05,0.09826,0.001
151,0.0692,0.04032,0.001234,0.0001376,2.549e-05,0.09826,0.001
152,0.06929,0.04054,0.001234,0.0001369,2.505e-05,0.09828,0.001
153,0.07036,0.04175,0.001234,0.0001363,2.464e-05,0.09829,0.001
154,0.06885,0.04038,0.001231,0.0001356,2.423e-05,0.09831,0.001
155,0.06765,0.03932,0.001224,0.000135,2.382e-05,0.09832,0.001
156,0.07106,0.04286,0.001219,0.0001343,2.341e-05,0.09834,0.001
157,0.06899,0.04091,0.001215,0.0001337,2.299e-05,0.09836,0.001
158,0.06945,0.04151,0.001209,0.0001331,2.264e-05,0.09835,0.001
159,0.07125,0.04345,0.001203,0.0001325,2.232e-05,0.09834,0.001
160,0.06968,0.042,0.001207,0.0001318,2.2e-05,0.09834,0.001
161,0.06988,0.04232,0.001198,0.0001312,2.165e-05,0.09835,0.001
162,0.06557,0.03813,0.001193,0.0001307,2.131e-05,0.09837,0.001
163,0.07007,0.04276,0.001187,0.0001301,2.096e-05,0.09841,0.001
164,0.06995,0.04275,0.001183,0.0001295,2.059e-05,0.09843,0.001
165,0.07068,0.0436,0.00118,0.000129,2.024e-05,0.09843,0.001
166,0.06871,0.04175,0.001176,0.0001284,1.99e-05,0.09841,0.001
167,0.06956,0.04271,0.001176,0.0001279,1.957e-05,0.09839,0.001
168,0.06713,0.0404,0.001171,0.0001273,1.923e-05,0.09838,0.001
169,0.06772,0.0411,0.00117,0.0001268,1.887e-05,0.09839,0.001
170,0.06761,0.04109,0.00117,0.0001263,1.848e-05,0.09842,0.001
171,0.06673,0.04031,0.001167,0.0001258,1.812e-05,0.09845,0.001
172,0.06685,0.04053,0.001166,0.0001253,1.774e-05,0.09845,0.001
173,0.06587,0.03964,0.001168,0.0001248,1.739e-05,0.09843,0.001
174,0.06803,0.0419,0.001169,0.0001243,1.705e-05,0.09841,0.001
175,0.06741,0.04138,0.001168,0.0001239,1.673e-05,0.09836,0.001
176,0.07071,0.04478,0.001173,0.0001234,1.643e-05,0.09833,0.001
177,0.06852,0.0427,0.001168,0.0001229,1.613e-05,0.09834,0.001
178,0.06782,0.04208,0.001171,0.0001224,1.582e-05,0.09835,0.001
179,0.06436,0.03872,0.001165,0.000122,1.548e-05,0.09836,0.001
180,0.06693,0.04138,0.00117,0.0001215,1.516e-05,0.09837,0.001
181,0.06651,0.04105,0.001167,0.0001211,1.484e-05,0.09836,0.001
182,0.06935,0.04398,0.001171,0.0001206,1.454e-05,0.09833,0.001
183,0.06711,0.04184,0.001163,0.0001202,1.426e-05,0.0983,0.001
184,0.06686,0.04168,0.001163,0.0001197,1.397e-05,0.0983,0.001
185,0.067,0.04191,0.001162,0.0001193,1.371e-05,0.09829,0.001
186,0.06456,0.03957,0.001157,0.0001189,1.347e-05,0.09829,0.001
187,0.06515,0.04024,0.001154,0.0001184,1.323e-05,0.09828,0.001
188,0.06457,0.03975,0.00116,0.000118,1.298e-05,0.09826,0.001
189,0.06616,0.04143,0.001154,0.0001176,1.272e-05,0.09824,0.001
190,0.06524,0.0406,0.001154,0.0001171,1.247e-05,0.09822,0.001
191,0.06773,0.04317,0.001152,0.0001167,1.221e-05,0.09821,0.001
192,0.06245,0.03798,0.00115,0.0001163,1.194e-05,0.0982,0.001
193,0.0649,0.04052,0.001147,0.0001159,1.168e-05,0.0982,0.001
194,0.06726,0.04296,0.001148,0.0001155,1.141e-05,0.0982,0.001
195,0.06546,0.04125,0.001147,0.0001151,1.115e-05,0.09816,0.001
196,0.06621,0.04208,0.001147,0.0001147,1.091e-05,0.09812,0.001
197,0.06598,0.04194,0.001143,0.0001142,1.068e-05,0.09808,0.001
198,0.0625,0.03854,0.001148,0.0001138,1.046e-05,0.09807,0.001
199,0.06743,0.04356,0.001133,0.0001134,1.024e-05,0.09806,0.001
200,0.06694,0.04315,0.001135,0.000113,1.002e-05,0.09804,0.001
201,0.06218,0.03847,0.001136,0.0001126,9.797e-06,0.09802,0.001
202,0.06435,0.04073,0.001126,0.0001122,9.577e-06,0.098,0.001
203,0.06525,0.0417,0.001131,0.0001118,9.366e-06,0.098,0.001
204,0.06402,0.04057,0.001124,0.0001114,9.161e-06,0.09797,0.001
205,0.06526,0.04188,0.001128,0.000111,8.977e-06,0.09795,0.001
206,0.06391,0.04062,0.00112,0.0001106,8.792e-06,0.09792,0.001
207,0.0671,0.04389,0.001123,0.0001102,8.606e-06,0.09789,0.001
208,0.06259,0.03946,0.001118,0.0001099,8.422e-06,0.09786,0.001
209,0.06358,0.04053,0.001118,0.0001095,8.231e-06,0.09784,0.001
210,0.06247,0.03951,0.001112,0.0001091,8.043e-06,0.09782,0.001
211,0.06207,0.03918,0.001114,0.0001087,7.86e-06,0.09779,0.001
212,0.06853,0.04573,0.001102,0.0001083,7.682e-06,0.09776,0.001
213,0.0647,0.04198,0.001103,0.0001079,7.499e-06,0.09772,0.001
214,0.06471,0.04207,0.001099,0.0001075,7.33e-06,0.09769,0.001
215,0.06338,0.04082,0.001097,0.0001071,7.166e-06,0.09766,0.001
216,0.06183,0.03935,0.0011,0.0001067,7.004e-06,0.09764,0.001
217,0.0609,0.03849,0.001099,0.0001064,6.851e-06,0.09761,0.001
218,0.06168,0.03936,0.001097,0.000106,6.696e-06,0.09759,0.001
219,0.06037,0.03812,0.001095,0.0001056,6.546e-06,0.09759,0.001
220,0.05964,0.03748,0.001089,0.0001052,6.387e-06,0.09758,0.001
221,0.06418,0.04211,0.001088,0.0001048,6.223e-06,0.09755,0.001
222,0.06202,0.04002,0.001087,0.0001044,6.058e-06,0.09752,0.001
223,0.06192,0.04,0.001089,0.000104,5.901e-06,0.09746,0.001
224,0.06308,0.04124,0.001083,0.0001036,5.748e-06,0.0974,0.001
225,0.0628,0.04105,0.001079,0.0001032,5.596e-06,0.09735,0.001
226,0.06211,0.04044,0.001076,0.0001028,5.452e-06,0.09733,0.001
227,0.06337,0.04179,0.001072,0.0001024,5.308e-06,0.09731,0.001
228,0.06277,0.04127,0.001066,0.000102,5.174e-06,0.0973,0.001
229,0.06001,0.0386,0.001062,0.0001017,5.048e-06,0.09727,0.001
230,0.06237,0.04103,0.001063,0.0001013,4.941e-06,0.09723,0.001
231,0.06212,0.04087,0.001057,0.0001009,4.843e-06,0.0972,0.001
232,0.06075,0.03957,0.001059,0.0001005,4.753e-06,0.09717,0.001
233,0.06152,0.04043,0.001052,0.0001001,4.659e-06,0.09715,0.001
234,0.06133,0.04031,0.001055,9.97e-05,4.564e-06,0.09714,0.001
235,0.06044,0.03951,0.00105,9.932e-05,4.455e-06,0.09713,0.001
236,0.06345,0.04258,0.001052,9.895e-05,4.328e-06,0.09709,0.001
237,0.06096,0.04017,0.001047,9.857e-05,4.211e-06,0.09703,0.001
238,0.05981,0.0391,0.001047,9.818e-05,4.083e-06,0.09696,0.001
239,0.05909,0.03847,0.001042,9.779e-05,3.969e-06,0.0969,0.001
240,0.05963,0.03909,0.00104,9.74e-05,3.862e-06,0.09685,0.001
241,0.05826,0.0378,0.001038,9.702e-05,3.757e-06,0.09682,0.001
242,0.06149,0.04111,0.001036,9.663e-05,3.668e-06,0.09681,0.001
243,0.05734,0.03704,0.001032,9.626e-05,3.583e-06,0.09678,0.001
244,0.05843,0.03821,0.001034,9.587e-05,3.518e-06,0.09674,0.001
245,0.05922,0.03907,0.001033,9.546e-05,3.455e-06,0.0967,0.001
246,0.05934,0.03929,0.001029,9.506e-05,3.384e-06,0.09666,0.001
247,0.06187,0.04189,0.001027,9.465e-05,3.332e-06,0.09664,0.001
248,0.06036,0.04046,0.00103,9.426e-05,3.295e-06,0.09661,0.001
249,0.05676,0.03694,0.001026,9.388e-05,3.244e-06,0.09658,0.001
250,0.05853,0.03879,0.001022,9.348e-05,3.194e-06,0.09653,0.001
251,0.05831,0.03866,0.00102,9.308e-05,3.152e-06,0.09646,0.001
252,0.0604,0.04083,0.001019,9.267e-05,3.084e-06,0.09643,0.001
253,0.0595,0.04001,0.001015,9.228e-05,3.022e-06,0.09641,0.001
254,0.05845,0.03904,0.001015,9.189e-05,2.923e-06,0.09637,0.001
255,0.05687,0.03754,0.001015,9.15e-05,2.837e-06,0.09633,0.001
256,0.05753,0.03829,0.001011,9.11e-05,2.738e-06,0.09628,0.001
257,0.05758,0.03842,0.001006,9.07e-05,2.612e-06,0.09623,0.001
258,0.05965,0.04057,0.001007,9.03e-05,2.449e-06,0.0962,0.001
259,0.05744,0.03845,0.0009991,8.991e-05,2.297e-06,0.09615,0.001
260,0.05745,0.03854,0.0009958,8.952e-05,2.176e-06,0.09611,0.001
261,0.0579,0.03907,0.0009905,8.914e-05,2.099e-06,0.09606,0.001
262,0.05411,0.03537,0.0009848,8.875e-05,2.075e-06,0.096,0.001
263,0.0558,0.03713,0.0009828,8.835e-05,2.088e-06,0.09595,0.001
264,0.05789,0.03931,0.0009775,8.796e-05,2.106e-06,0.09592,0.001
265,0.05859,0.0401,0.0009719,8.757e-05,2.151e-06,0.09587,0.001
266,0.06099,0.04257,0.0009691,8.717e-05,2.245e-06,0.09585,0.001
267,0.05769,0.03936,0.000964,8.679e-05,2.352e-06,0.0958,0.001
268,0.0581,0.03985,0.0009587,8.639e-05,2.437e-06,0.09574,0.001
269,0.0559,0.03773,0.0009575,8.599e-05,2.45e-06,0.09569,0.001
270,0.05785,0.03977,0.0009529,8.559e-05,2.371e-06,0.09564,0.001
271,0.05534,0.03734,0.0009488,8.519e-05,2.24e-06,0.0956,0.001
272,0.05606,0.03815,0.0009469,8.479e-05,2.13e-06,0.09555,0.001
273,0.05695,0.03912,0.0009438,8.439e-05,2.036e-06,0.09551,0.001
274,0.058,0.04025,0.0009415,8.4e-05,1.95e-06,0.09545,0.001
275,0.05493,0.03726,0.0009384,8.361e-05,1.887e-06,0.09541,0.001
276,0.0571,0.0395,0.0009373,8.322e-05,1.843e-06,0.09536,0.001
277,0.05603,0.03852,0.0009337,8.284e-05,1.83e-06,0.0953,0.001
278,0.05716,0.03973,0.0009311,8.246e-05,1.828e-06,0.09522,0.001
279,0.05658,0.03923,0.000929,8.206e-05,1.875e-06,0.09514,0.001
280,0.05696,0.03968,0.0009299,8.167e-05,1.96e-06,0.09507,0.001
281,0.05643,0.03924,0.0009246,8.128e-05,2.08e-06,0.09501,0.001
282,0.05442,0.0373,0.0009241,8.089e-05,2.222e-06,0.09498,0.001
283,0.05577,0.03873,0.0009204,8.051e-05,2.289e-06,0.09495,0.001
284,0.05362,0.03666,0.0009171,8.013e-05,2.288e-06,0.09489,0.001
285,0.05349,0.03662,0.0009132,7.973e-05,2.203e-06,0.0948,0.001
286,0.05731,0.04052,0.0009112,7.93e-05,2.114e-06,0.09471,0.001
287,0.05379,0.03709,0.0009094,7.889e-05,2.01e-06,0.09466,0.001
288,0.05533,0.03872,0.0009038,7.848e-05,1.931e-06,0.09463,0.001
289,0.05438,0.03785,0.0009006,7.809e-05,1.908e-06,0.09458,0.001
290,0.04961,0.03317,0.0008966,7.769e-05,1.906e-06,0.09451,0.001
291,0.05462,0.03827,0.0008914,7.728e-05,1.892e-06,0.09443,0.001
292,0.05288,0.03661,0.0008892,7.685e-05,1.949e-06,0.09434,0.001
293,0.05234,0.03616,0.0008842,7.643e-05,2.017e-06,0.09428,0.001
294,0.05389,0.03779,0.0008813,7.602e-05,2.116e-06,0.09425,0.001
295,0.05354,0.03753,0.0008797,7.562e-05,2.223e-06,0.09422,0.001
296,0.05301,0.03708,0.0008757,7.523e-05,2.283e-06,0.09414,0.001
297,0.0526,0.03675,0.0008741,7.482e-05,2.34e-06,0.09405,0.001
298,0.05319,0.03743,0.0008723,7.439e-05,2.34e-06,0.09397,0.001
299,0.05203,0.03636,0.0008674,7.397e-05,2.275e-06,0.09389,0.001
300,0.05422,0.03864,0.0008653,7.355e-05,2.161e-06,0.09384,0.001
301,0.04895,0.03345,0.0008643,7.314e-05,2.045e-06,0.09378,0.001
302,0.05308,0.03766,0.000858,7.272e-05,1.918e-06,0.09371,0.001
303,0.04918,0.03385,0.000855,7.23e-05,1.868e-06,0.09364,0.001
304,0.04986,0.03462,0.0008533,7.188e-05,1.848e-06,0.09354,0.001
305,0.05098,0.03583,0.000851,7.144e-05,1.868e-06,0.09346,0.001
306,0.05108,0.03602,0.0008499,7.1e-05,1.956e-06,0.0934,0.001
307,0.05098,0.03601,0.0008479,7.057e-05,2.118e-06,0.09337,0.001
308,0.05418,0.0393,0.0008411,7.016e-05,2.27e-06,0.09332,0.001
309,0.05171,0.0369,0.0008414,6.975e-05,2.463e-06,0.09323,0.001
310,0.04915,0.03443,0.0008382,6.933e-05,2.626e-06,0.09312,0.001
311,0.05177,0.03715,0.000832,6.888e-05,2.638e-06,0.09301,0.001
312,0.05168,0.03715,0.0008261,6.844e-05,2.604e-06,0.09293,0.001
313,0.04789,0.03345,0.0008288,6.802e-05,2.554e-06,0.09286,0.001
314,0.05087,0.03652,0.0008188,6.76e-05,2.512e-06,0.09281,0.001
315,0.04906,0.03479,0.000818,6.717e-05,2.478e-06,0.09275,0.001
316,0.05096,0.03678,0.0008152,6.676e-05,2.484e-06,0.09265,0.001
317,0.04641,0.03232,0.0008117,6.633e-05,2.564e-06,0.09252,0.001
318,0.04955,0.03555,0.0008077,6.588e-05,2.621e-06,0.09241,0.001
319,0.05129,0.03738,0.000805,6.544e-05,2.706e-06,0.09234,0.001
320,0.04731,0.03348,0.0008053,6.502e-05,2.807e-06,0.09227,0.001
321,0.04911,0.03538,0.0008008,6.46e-05,2.914e-06,0.09219,0.001
322,0.05124,0.03759,0.000797,6.417e-05,2.976e-06,0.09209,0.001
323,0.04904,0.03548,0.0007977,6.374e-05,3.037e-06,0.09197,0.001
324,0.04604,0.03257,0.0007939,6.331e-05,3.041e-06,0.09185,0.001
325,0.04811,0.03473,0.0007926,6.286e-05,3.062e-06,0.09174,0.001
326,0.04833,0.03504,0.0007861,6.243e-05,3.086e-06,0.09165,0.001
327,0.04874,0.03554,0.0007846,6.2e-05,3.105e-06,0.09157,0.001
328,0.04724,0.03413,0.0007812,6.157e-05,3.107e-06,0.09149,0.001
329,0.0465,0.03348,0.0007751,6.115e-05,3.056e-06,0.09137,0.001
330,0.0492,0.03627,0.0007732,6.071e-05,3.028e-06,0.09123,0.001
331,0.04929,0.03646,0.0007683,6.026e-05,3.058e-06,0.0911,0.001
332,0.0467,0.03396,0.0007628,5.983e-05,3.121e-06,0.09099,0.001
333,0.04807,0.03541,0.0007618,5.94e-05,3.231e-06,0.09089,0.001
334,0.04778,0.03521,0.000758,5.899e-05,3.344e-06,0.09079,0.001
335,0.04624,0.03375,0.0007509,5.857e-05,3.453e-06,0.09066,0.001
336,0.04516,0.03277,0.0007506,5.815e-05,3.61e-06,0.09051,0.001
337,0.04673,0.03442,0.0007466,5.771e-05,3.705e-06,0.09035,0.001
338,0.04808,0.03587,0.0007398,5.726e-05,3.709e-06,0.09022,0.001
339,0.0459,0.03378,0.0007362,5.683e-05,3.737e-06,0.0901,0.001
340,0.04862,0.03658,0.000733,5.64e-05,3.723e-06,0.08999,0.001
341,0.04521,0.03326,0.0007269,5.598e-05,3.691e-06,0.08985,0.001
342,0.04791,0.03606,0.000724,5.554e-05,3.677e-06,0.08969,0.001
343,0.04582,0.03406,0.000721,5.51e-05,3.721e-06,0.08954,0.001
344,0.04553,0.03386,0.0007192,5.466e-05,3.809e-06,0.08938,0.001
345,0.04408,0.0325,0.0007092,5.424e-05,3.985e-06,0.08925,0.001
346,0.04711,0.03562,0.0007079,5.382e-05,4.115e-06,0.08911,0.001
347,0.04452,0.03311,0.0007054,5.341e-05,4.26e-06,0.08896,0.001
348,0.04258,0.03126,0.0007049,5.299e-05,4.394e-06,0.08876,0.001
349,0.04303,0.03179,0.0007004,5.255e-05,4.514e-06,0.08856,0.001
350,0.04452,0.03338,0.0006951,5.211e-05,4.566e-06,0.08839,0.001
351,0.04298,0.03192,0.0006983,5.168e-05,4.571e-06,0.08825,0.001
352,0.04233,0.03137,0.0006859,5.126e-05,4.532e-06,0.0881,0.001
353,0.04336,0.03248,0.0006902,5.083e-05,4.482e-06,0.08793,0.001
354,0.04393,0.03314,0.0006897,5.038e-05,4.461e-06,0.08774,0.001
355,0.04649,0.03581,0.0006813,4.992e-05,4.426e-06,0.08754,0.001
356,0.04597,0.03537,0.0006836,4.947e-05,4.385e-06,0.08735,0.001
357,0.04135,0.03084,0.0006848,4.902e-05,4.378e-06,0.08717,0.001
358,0.04296,0.03254,0.0006757,4.858e-05,4.429e-06,0.08698,0.001
359,0.04006,0.02974,0.0006677,4.813e-05,4.527e-06,0.08678,0.001
360,0.04283,0.0326,0.0006702,4.769e-05,4.685e-06,0.08657,0.001
361,0.0397,0.02956,0.0006684,4.725e-05,4.932e-06,0.08636,0.001
362,0.04194,0.03189,0.0006632,4.681e-05,5.125e-06,0.08617,0.001
363,0.04095,0.03098,0.0006603,4.639e-05,5.197e-06,0.08598,0.001
364,0.04111,0.03123,0.0006556,4.598e-05,5.132e-06,0.08575,0.001
365,0.04146,0.03167,0.0006485,4.556e-05,4.989e-06,0.08552,0.001
366,0.0401,0.03039,0.0006538,4.514e-05,4.802e-06,0.08527,0.001
367,0.04225,0.03263,0.000649,4.472e-05,4.647e-06,0.08502,0.001
368,0.0414,0.03187,0.0006505,4.431e-05,4.583e-06,0.08478,0.001
369,0.03809,0.02864,0.0006413,4.389e-05,4.634e-06,0.08454,0.001
370,0.03946,0.0301,0.0006341,4.348e-05,4.787e-06,0.0843,0.001
371,0.0388,0.02954,0.0006286,4.306e-05,4.954e-06,0.08406,0.001
372,0.04037,0.03119,0.0006236,4.263e-05,5.14e-06,0.08381,0.001
373,0.0379,0.02881,0.0006244,4.221e-05,5.353e-06,0.08355,0.001
374,0.03773,0.02873,0.000621,4.178e-05,5.586e-06,0.08328,0.001
375,0.03948,0.03057,0.0006153,4.134e-05,5.789e-06,0.08301,0.001
376,0.0391,0.03027,0.0006138,4.091e-05,5.905e-06,0.08274,0.001
377,0.03793,0.0292,0.0006066,4.049e-05,6.047e-06,0.08246,0.001
378,0.03905,0.03041,0.0006019,4.006e-05,6.064e-06,0.08218,0.001
379,0.03777,0.02921,0.0006016,3.965e-05,6.048e-06,0.08189,0.001
380,0.03838,0.02991,0.0005969,3.924e-05,5.962e-06,0.0816,0.001
381,0.03884,0.03045,0.0005914,3.885e-05,5.839e-06,0.0813,0.001
382,0.03533,0.02702,0.0005924,3.846e-05,5.7e-06,0.08098,0.001
383,0.03678,0.02854,0.0005909,3.808e-05,5.616e-06,0.08066,0.001
384,0.03878,0.03062,0.0005864,3.771e-05,5.549e-06,0.0803,0.001
385,0.03528,0.0272,0.0005869,3.733e-05,5.619e-06,0.07994,0.001
386,0.03645,0.02846,0.0005796,3.695e-05,5.806e-06,0.0796,0.001
387,0.03511,0.02718,0.0005823,3.657e-05,6.06e-06,0.0793,0.001
388,0.03428,0.02643,0.0005762,3.623e-05,6.273e-06,0.07898,0.001
389,0.03406,0.02627,0.0005738,3.589e-05,6.416e-06,0.07862,0.001
390,0.03265,0.02494,0.0005726,3.552e-05,6.546e-06,0.07824,0.001
391,0.03267,0.02504,0.0005675,3.516e-05,6.626e-06,0.07784,0.001
392,0.03332,0.02577,0.0005588,3.479e-05,6.715e-06,0.07747,0.001
393,0.03395,0.02646,0.0005688,3.445e-05,6.711e-06,0.07713,0.001
394,0.03231,0.0249,0.0005559,3.412e-05,6.644e-06,0.07679,0.001
395,0.03342,0.02607,0.0005601,3.381e-05,6.565e-06,0.07641,0.001
396,0.03347,0.02619,0.0005564,3.347e-05,6.537e-06,0.07598,0.001
397,0.03124,0.02403,0.0005524,3.312e-05,6.595e-06,0.07556,0.001
398,0.03079,0.02365,0.0005523,3.277e-05,6.741e-06,0.07516,0.001
399,0.03231,0.02523,0.0005479,3.245e-05,6.923e-06,0.0748,0.001
400,0.03103,0.02401,0.0005512,3.216e-05,7.126e-06,0.07441,0.001
401,0.03066,0.0237,0.0005484,3.188e-05,7.278e-06,0.07399,0.001
402,0.0314,0.02451,0.0005412,3.159e-05,7.329e-06,0.07354,0.001
403,0.03167,0.02484,0.0005399,3.129e-05,7.297e-06,0.07307,0.001
404,0.02851,0.02174,0.0005358,3.099e-05,7.228e-06,0.07262,0.001
405,0.02953,0.02282,0.000539,3.071e-05,7.123e-06,0.0722,0.001
406,0.0279,0.02125,0.0005319,3.045e-05,7.017e-06,0.07179,0.001
407,0.02779,0.02118,0.0005272,3.021e-05,6.917e-06,0.07136,0.001
408,0.03068,0.02412,0.0005298,2.998e-05,6.849e-06,0.07088,0.001
409,0.03028,0.02378,0.0005298,2.972e-05,6.846e-06,0.07038,0.001
410,0.02829,0.02184,0.0005238,2.946e-05,6.838e-06,0.0699,0.001
411,0.02767,0.02127,0.0005284,2.922e-05,6.89e-06,0.06942,0.001
412,0.02717,0.02082,0.0005212,2.898e-05,7.033e-06,0.06896,0.001
413,0.02674,0.02043,0.0005138,2.877e-05,7.116e-06,0.06849,0.001
414,0.02603,0.01976,0.0005181,2.856e-05,7.179e-06,0.06799,0.001
415,0.02633,0.02011,0.0005143,2.834e-05,7.178e-06,0.06746,0.001
416,0.02422,0.01806,0.000505,2.812e-05,7.12e-06,0.06695,0.001
417,0.02469,0.01856,0.0005172,2.791e-05,7.057e-06,0.06645,0.001
418,0.02494,0.01885,0.0005088,2.773e-05,7.027e-06,0.06597,0.001
419,0.02446,0.01841,0.0005081,2.756e-05,7.034e-06,0.06549,0.001
420,0.02475,0.01874,0.0004958,2.74e-05,6.996e-06,0.06498,0.001
421,0.02525,0.01927,0.0004952,2.724e-05,6.918e-06,0.06441,0.001
422,0.02322,0.01727,0.0005067,2.704e-05,6.928e-06,0.06385,0.001
423,0.0241,0.0182,0.0004969,2.684e-05,6.971e-06,0.06331,0.001
424,0.02256,0.0167,0.0004997,2.666e-05,7.045e-06,0.06281,0.001
425,0.02316,0.01732,0.0005003,2.65e-05,7.126e-06,0.06231,0.001
426,0.02323,0.01744,0.0004857,2.634e-05,7.161e-06,0.06179,0.001
427,0.02263,0.01687,0.0004888,2.619e-05,7.116e-06,0.06124,0.001
428,0.02227,0.01654,0.0004923,2.603e-05,6.981e-06,0.06067,0.001
429,0.02133,0.01564,0.000481,2.587e-05,6.797e-06,0.06007,0.001
430,0.02077,0.01512,0.0004782,2.571e-05,6.593e-06,0.0595,0.001
431,0.02005,0.01441,0.0004908,2.558e-05,6.395e-06,0.05897,0.001
432,0.02105,0.01544,0.0004828,2.547e-05,6.227e-06,0.05846,0.001
433,0.02116,0.01558,0.0004813,2.537e-05,6.144e-06,0.05791,0.001
434,0.01996,0.01441,0.0004681,2.527e-05,6.084e-06,0.05732,0.001
435,0.02051,0.01498,0.0004775,2.512e-05,6.104e-06,0.0567,0.001
436,0.01927,0.01378,0.0004728,2.497e-05,6.143e-06,0.05611,0.001
437,0.0193,0.01383,0.0004773,2.483e-05,6.257e-06,0.05556,0.001
438,0.01923,0.01379,0.0004695,2.47e-05,6.328e-06,0.055,0.001
439,0.01876,0.01335,0.0004626,2.457e-05,6.364e-06,0.05442,0.001
440,0.01858,0.01318,0.00048,2.442e-05,6.361e-06,0.05382,0.001
441,0.01887,0.01351,0.0004771,2.427e-05,6.302e-06,0.05325,0.001
442,0.01819,0.01286,0.0004645,2.416e-05,6.15e-06,0.05268,0.001
443,0.01822,0.01291,0.0004706,2.406e-05,5.927e-06,0.05208,0.001
444,0.01683,0.01154,0.0004701,2.396e-05,5.683e-06,0.05146,0.001
445,0.01803,0.01276,0.0004759,2.385e-05,5.474e-06,0.05084,0.001
446,0.01648,0.01124,0.0004659,2.376e-05,5.317e-06,0.05024,0.001
447,0.01678,0.01156,0.0004602,2.367e-05,5.218e-06,0.04968,0.001
448,0.01659,0.01138,0.0004596,2.361e-05,5.154e-06,0.04907,0.001
449,0.01577,0.01058,0.000459,2.351e-05,5.11e-06,0.04848,0.001
450,0.01597,0.0108,0.0004558,2.343e-05,5.081e-06,0.04789,0.001
451,0.01583,0.01068,0.0004574,2.335e-05,5.041e-06,0.04726,0.001
452,0.0149,0.00977,0.0004571,2.324e-05,5.013e-06,0.04666,0.001
453,0.01481,0.009701,0.0004547,2.314e-05,4.967e-06,0.04607,0.001
454,0.0156,0.01052,0.0004502,2.305e-05,4.873e-06,0.04547,0.001
455,0.01482,0.009764,0.0004482,2.293e-05,4.783e-06,0.04486,0.001
456,0.01421,0.009169,0.0004518,2.281e-05,4.698e-06,0.04427,0.001
457,0.01397,0.008957,0.0004488,2.269e-05,4.607e-06,0.04368,0.001
458,0.01469,0.009707,0.0004434,2.258e-05,4.489e-06,0.04308,0.001
459,0.01408,0.009122,0.0004455,2.247e-05,4.311e-06,0.04247,0.001
460,0.01303,0.008096,0.0004414,2.235e-05,4.135e-06,0.04189,0.001
461,0.01317,0.008249,0.0004466,2.226e-05,3.969e-06,0.04128,0.001
462,0.01293,0.008041,0.0004397,2.217e-05,3.797e-06,0.0407,0.001
463,0.01311,0.008229,0.0004412,2.209e-05,3.618e-06,0.04012,0.001
464,0.01248,0.007622,0.0004419,2.202e-05,3.47e-06,0.03952,0.001
465,0.01237,0.007522,0.0004474,2.193e-05,3.373e-06,0.03894,0.001
466,0.01234,0.007521,0.0004341,2.186e-05,3.304e-06,0.03838,0.001
467,0.01193,0.007108,0.0004483,2.179e-05,3.242e-06,0.03782,0.001
468,0.01163,0.006825,0.0004413,2.173e-05,3.168e-06,0.03725,0.001
469,0.01119,0.006396,0.0004398,2.167e-05,3.044e-06,0.03668,0.001
470,0.0113,0.006525,0.0004376,2.16e-05,2.92e-06,0.03609,0.001
471,0.0114,0.006649,0.0004342,2.15e-05,2.77e-06,0.03553,0.001
472,0.01089,0.006172,0.000431,2.139e-05,2.629e-06,0.03501,0.001
473,0.01079,0.006087,0.0004359,2.129e-05,2.481e-06,0.03451,0.001
474,0.01037,0.005686,0.00043,2.12e-05,2.335e-06,0.03399,0.001
475,0.01029,0.005631,0.0004241,2.109e-05,2.213e-06,0.03344,0.001
476,0.0103,0.005665,0.0004273,2.098e-05,2.089e-06,0.03288,0.001
477,0.01026,0.005645,0.0004328,2.086e-05,1.979e-06,0.03238,0.001
478,0.01012,0.005514,0.0004366,2.078e-05,1.901e-06,0.03192,0.001
479,0.009929,0.005342,0.0004357,2.071e-05,1.843e-06,0.03145,0.001
480,0.009555,0.00498,0.0004362,2.065e-05,1.779e-06,0.03097,0.001
481,0.009896,0.005344,0.000427,2.058e-05,1.7e-06,0.03048,0.001
482,0.009912,0.005366,0.000436,2.051e-05,1.604e-06,0.02998,0.001
483,0.009478,0.004962,0.0004221,2.043e-05,1.498e-06,0.02953,0.001
484,0.009323,0.004817,0.0004265,2.036e-05,1.389e-06,0.02911,0.001
485,0.00901,0.004515,0.0004271,2.031e-05,1.282e-06,0.0287,0.001
486,0.008912,0.004428,0.0004276,2.025e-05,1.178e-06,0.02825,0.001
487,0.008968,0.004501,0.0004286,2.016e-05,1.073e-06,0.02782,0.001
488,0.008803,0.004348,0.0004329,2.009e-05,9.82e-07,0.0274,0.001
489,0.008419,0.003992,0.0004223,2e-05,8.923e-07,0.02698,0.001
490,0.008423,0.004021,0.0004184,1.99e-05,8.291e-07,0.02657,0.001
491,0.008586,0.004209,0.0004168,1.978e-05,7.849e-07,0.02617,0.001
492,0.008174,0.003813,0.0004274,1.965e-05,7.532e-07,0.02581,0.001
493,0.008303,0.003977,0.0004135,1.954e-05,7.366e-07,0.0255,0.001
494,0.008344,0.004025,0.0004185,1.948e-05,7.083e-07,0.02515,0.001
495,0.008028,0.003716,0.000425,1.942e-05,6.706e-07,0.02478,0.001
496,0.007863,0.00357,0.000419,1.935e-05,6.22e-07,0.0244,0.001
497,0.007938,0.003652,0.0004253,1.929e-05,5.686e-07,0.02404,0.001
498,0.007837,0.003571,0.0004171,1.923e-05,5.293e-07,0.02376,0.001
499,0.007846,0.003585,0.000421,1.919e-05,4.925e-07,0.02349,0.001
500,0.007783,0.003537,0.0004168,1.914e-05,4.687e-07,0.02321,0.001
501,0.007535,0.003302,0.0004165,1.907e-05,4.499e-07,0.0229,0.001
502,0.007527,0.003318,0.0004095,1.899e-05,4.268e-07,0.02257,0.001
503,0.007507,0.003307,0.0004202,1.889e-05,4.077e-07,0.02227,0.001
504,0.007489,0.003311,0.0004162,1.88e-05,3.957e-07,0.02203,0.001
505,0.007424,0.003262,0.0004127,1.873e-05,3.902e-07,0.02184,0.001
506,0.007257,0.003114,0.0004008,1.87e-05,3.794e-07,0.02159,0.001
507,0.007078,0.002932,0.0004187,1.863e-05,3.661e-07,0.0213,0.001
508,0.007114,0.002998,0.00041,1.852e-05,3.389e-07,0.02105,0.001
509,0.007217,0.00312,0.0004081,1.843e-05,2.963e-07,0.02086,0.001
510,0.007044,0.002953,0.0004133,1.838e-05,2.591e-07,0.0207,0.001
511,0.006927,0.002853,0.0004063,1.833e-05,2.224e-07,0.02053,0.001
512,0.006879,0.002815,0.0004052,1.829e-05,1.875e-07,0.02032,0.001
513,0.006878,0.002824,0.0004112,1.821e-05,1.569e-07,0.02011,0.001
514,0.006877,0.002842,0.0004085,1.813e-05,1.354e-07,0.01995,0.001
515,0.006851,0.002815,0.0004172,1.809e-05,1.27e-07,0.01978,0.001
516,0.006771,0.00276,0.0004081,1.801e-05,1.276e-07,0.01963,0.001
517,0.00678,0.002781,0.0004131,1.793e-05,1.327e-07,0.01948,0.001
518,0.006637,0.002662,0.0004066,1.784e-05,1.386e-07,0.01933,0.001
519,0.006694,0.002731,0.0004115,1.775e-05,1.417e-07,0.0192,0.001
520,0.006549,0.002617,0.0003953,1.768e-05,1.362e-07,0.01908,0.001
521,0.006343,0.00241,0.0004077,1.762e-05,1.203e-07,0.01896,0.001
522,0.006514,0.002592,0.0004071,1.757e-05,1.002e-07,0.01886,0.001
523,0.006344,0.002446,0.0003935,1.752e-05,7.758e-08,0.01876,0.001
524,0.006549,0.002661,0.0003921,1.747e-05,5.904e-08,0.01867,0.001
525,0.006582,0.00269,0.0004045,1.743e-05,5.133e-08,0.01859,0.001
526,0.006252,0.002374,0.000398,1.74e-05,4.9e-08,0.01851,0.001
527,0.006284,0.002417,0.0003978,1.734e-05,5.028e-08,0.01843,0.001
528,0.006259,0.002415,0.0003871,1.729e-05,5.228e-08,0.01833,0.001
529,0.006502,0.002666,0.0003967,1.72e-05,5.733e-08,0.01825,0.001
530,0.00618,0.002354,0.0004003,1.713e-05,6.824e-08,0.01818,0.001
531,0.006206,0.002403,0.0003902,1.706e-05,7.354e-08,0.01811,0.001
532,0.006201,0.002399,0.000404,1.699e-05,7.46e-08,0.01803,0.001
533,0.006148,0.002363,0.0004027,1.691e-05,7.259e-08,0.01795,0.001
534,0.006258,0.002496,0.0003956,1.683e-05,6.945e-08,0.01789,0.001
535,0.005846,0.002106,0.0003854,1.677e-05,7.091e-08,0.01786,0.001
536,0.006172,0.002436,0.0003903,1.672e-05,6.67e-08,0.01784,0.001
537,0.005983,0.00224,0.0004049,1.669e-05,6.213e-08,0.01779,0.001
538,0.005997,0.002283,0.0003872,1.663e-05,6.355e-08,0.01773,0.001
539,0.006086,0.002379,0.000392,1.657e-05,7.057e-08,0.01769,0.001
540,0.005952,0.002264,0.0003827,1.653e-05,7.816e-08,0.01765,0.001
541,0.005975,0.002292,0.0003876,1.648e-05,8.837e-08,0.01764,0.001
542,0.005844,0.002161,0.0003948,1.644e-05,9.933e-08,0.01761,0.001
543,0.005922,0.002251,0.0003939,1.638e-05,1.114e-07,0.01756,0.001
544,0.005936,0.002282,0.00039,1.632e-05,1.235e-07,0.01751,0.001
545,0.005877,0.002245,0.0003837,1.624e-05,1.356e-07,0.01747,0.001
546,0.005779,0.002153,0.0003907,1.617e-05,1.404e-07,0.01745,0.001
547,0.005717,0.002101,0.0003922,1.612e-05,1.405e-07,0.01742,0.001
548,0.005836,0.002243,0.0003816,1.605e-05,1.404e-07,0.0174,0.001
549,0.005924,0.002339,0.000386,1.599e-05,1.433e-07,0.01735,0.001
550,0.005655,0.002085,0.0003849,1.592e-05,1.506e-07,0.0173,0.001
551,0.005624,0.002063,0.0003908,1.585e-05,1.59e-07,0.01727,0.001
552,0.005668,0.002125,0.0003842,1.579e-05,1.623e-07,0.01727,0.001
553,0.005863,0.002331,0.0003829,1.574e-05,1.61e-07,0.01729,0.001
554,0.005619,0.002082,0.0003891,1.574e-05,1.545e-07,0.01728,0.001
555,0.005726,0.002207,0.0003772,1.571e-05,1.545e-07,0.01725,0.001
556,0.005524,0.002003,0.0003846,1.568e-05,1.587e-07,0.01721,0.001
557,0.005655,0.002141,0.0003861,1.564e-05,1.632e-07,0.0172,0.001
558,0.005529,0.002027,0.000382,1.56e-05,1.621e-07,0.01719,0.001
559,0.00564,0.002148,0.0003835,1.554e-05,1.623e-07,0.01717,0.001
560,0.005555,0.002086,0.0003759,1.546e-05,1.622e-07,0.01714,0.001
561,0.00557,0.002111,0.0003836,1.537e-05,1.657e-07,0.01711,0.001
562,0.005657,0.002218,0.0003781,1.53e-05,1.723e-07,0.01712,0.001
563,0.005384,0.001954,0.0003748,1.527e-05,1.756e-07,0.01711,0.001
564,0.005493,0.00207,0.0003758,1.523e-05,1.818e-07,0.0171,0.001
565,0.005458,0.002038,0.0003816,1.519e-05,1.874e-07,0.01708,0.001
566,0.005459,0.002056,0.0003748,1.514e-05,1.861e-07,0.01707,0.001
567,0.00544,0.002055,0.0003681,1.508e-05,1.795e-07,0.01706,0.001
568,0.005446,0.002074,0.0003659,1.503e-05,1.676e-07,0.01704,0.001
569,0.005384,0.002012,0.0003766,1.497e-05,1.59e-07,0.01703,0.001
570,0.005465,0.002101,0.0003787,1.493e-05,1.505e-07,0.01702,0.001
571,0.005312,0.00197,0.0003636,1.489e-05,1.476e-07,0.017,0.001
572,0.00555,0.002209,0.0003708,1.485e-05,1.484e-07,0.01701,0.001
573,0.005452,0.002126,0.0003594,1.483e-05,1.484e-07,0.01702,0.001
574,0.005231,0.0019,0.000367,1.482e-05,1.458e-07,0.017,0.001
575,0.005427,0.002099,0.0003765,1.476e-05,1.461e-07,0.01696,0.001
576,0.005332,0.002022,0.0003735,1.468e-05,1.457e-07,0.01694,0.001
577,0.005392,0.002112,0.000357,1.461e-05,1.417e-07,0.01693,0.001
578,0.00531,0.002042,0.0003568,1.455e-05,1.366e-07,0.01692,0.001
579,0.005384,0.002119,0.0003625,1.451e-05,1.329e-07,0.0169,0.001
580,0.005366,0.002105,0.0003675,1.446e-05,1.321e-07,0.0169,0.001
581,0.005248,0.001993,0.0003676,1.444e-05,1.298e-07,0.01688,0.001
582,0.005294,0.002061,0.000352,1.44e-05,1.298e-07,0.01687,0.001
583,0.005213,0.001988,0.0003523,1.436e-05,1.276e-07,0.01688,0.001
584,0.005236,0.002012,0.0003553,1.434e-05,1.253e-07,0.01688,0.001
585,0.005127,0.00191,0.0003557,1.43e-05,1.231e-07,0.01685,0.001
586,0.005218,0.002015,0.0003565,1.423e-05,1.245e-07,0.01683,0.001
587,0.005162,0.001977,0.0003513,1.417e-05,1.257e-07,0.01682,0.001
588,0.005066,0.001884,0.000359,1.411e-05,1.257e-07,0.01681,0.001
589,0.005109,0.001936,0.0003614,1.406e-05,1.256e-07,0.01681,0.001
590,0.005071,0.001908,0.0003604,1.401e-05,1.233e-07,0.0168,0.001
591,0.005056,0.001909,0.0003547,1.396e-05,1.242e-07,0.01679,0.001
592,0.005052,0.001921,0.0003505,1.39e-05,1.25e-07,0.01677,0.001
593,0.00511,0.001993,0.0003465,1.385e-05,1.254e-07,0.01677,0.001
594,0.005002,0.001886,0.0003542,1.381e-05,1.217e-07,0.01678,0.001
595,0.005033,0.001932,0.000347,1.377e-05,1.173e-07,0.01677,0.001
596,0.004966,0.001861,0.0003601,1.372e-05,1.171e-07,0.01674,0.001
597,0.004822,0.001734,0.0003558,1.366e-05,1.197e-07,0.01673,0.001
598,0.005049,0.001972,0.0003562,1.36e-05,1.2e-07,0.01674,0.001
599,0.005059,0.001995,0.0003498,1.357e-05,1.148e-07,0.01676,0.001
600,0.004888,0.001823,0.0003556,1.354e-05,1.066e-07,0.01674,0.001
